"TaskID","Description","Status","Category","RoadmapPhase"
"1","Develop Next.js frontend for web app","Completed","Frontend","Q1 2025"
"2","Implement React Native mobile apps (iOS/Android)","In Progress","Frontend","Q1 2025"
"3","Set up Node.js/GraphQL backend APIs","Completed","Backend","Q1 2025"
"4","Integrate xAI-inspired LLMs for advisory","In Progress","AI","Q1 2025"
"5","Deploy Ethereum/Solana smart contracts for DeFi","Not Started","Blockchain","Q2 2025"
"6","Implement graph neural networks for fraud detection","Not Started","AI","Q2 2025"
"7","Develop AR.js for immersive visualizations","Not Started","Frontend","Q1 2026"
"8","Integrate affective computing for emotion-aware UX","Not Started","AI","Q1 2026"
"9","Build 3D trading floor in financial metaverse","Not Started","Frontend","Q2 2026"
"10","Develop AI-driven oracles for CeDeFi","Not Started","Blockchain","Q3 2026"
"11","Create synthetic financial avatars","Not Started","AI","Q4 2026"
"12","Implement quantum algorithms for optimization","Not Started","AI","Q1 2027"
"13","Develop autonomous CeDeFi agents","Not Started","AI","Q2 2027"
"14","Set up CI/CD pipeline with GitHub Actions","Completed","DevOps","Q1 2025"
"15","Integrate Plaid/Stripe for payments","In Progress","Backend","Q2 2025"
16,Modularize backend: move GraphQL schema/resolvers to /src/graphql,Not Started,Backend,Q4 2025
17,Move server setup to /src/server.js,Not Started,Backend,Q4 2025
18,Implement REST API endpoints for users,Not Started,Backend,Q4 2025
19,Implement REST API endpoints for portfolios,Not Started,Backend,Q4 2025
20,Implement REST API endpoints for trades,Not Started,Backend,Q4 2025
21,Implement REST API endpoints for payments,Not Started,Backend,Q4 2025
22,Add input validation and error handling middleware,Not Started,Backend,Q4 2025
23,Integrate PostgreSQL database with ORM,Not Started,Backend,Q4 2025
24,Implement authentication (JWT, OAuth2, 2FA),Not Started,Backend,Q4 2025
25,Implement authorization (RBAC),Not Started,Backend,Q4 2025
26,Add logging and monitoring (Winston, Prometheus),Not Started,Backend,Q4 2025
27,Write unit and integration tests for all endpoints,Not Started,Backend,Q4 2025
28,Add API documentation (Swagger/OpenAPI, GraphQL Playground),Not Started,Backend,Q4 2025
29,Integrate xAI-inspired LLMs for advisory,Not Started,AI,Q1 2026
30,Implement graph neural networks for fraud detection,Not Started,AI,Q1 2026
31,Deploy Ethereum/Solana smart contracts for DeFi,Not Started,Blockchain,Q1 2026
32,Implement wallet connection and transaction signing,Not Started,Blockchain,Q1 2026
33,Integrate Plaid/Stripe for payments,In Progress,Backend,Q2 2025
34,Implement KYC/AML flows,Not Started,Compliance,Q1 2026
35,Add GDPR, PCI DSS, SOC 2 controls,Not Started,Compliance,Q1 2026
36,Containerize backend with Docker,Not Started,DevOps,Q4 2025
37,Write Kubernetes manifests for deployment,Not Started,DevOps,Q4 2025
38,Add monitoring, alerting, and log aggregation,Not Started,DevOps,Q4 2025
39,Write E2E and performance tests,Not Started,Testing,Q1 2026